company,ats,slug,employees,country,active,notes
Neo Financial,ashby,neofinancial,,CA,TRUE,Calgary fintech
Benevity,ashby,benevity,,CA,TRUE,Calgary
Showpass,bamboohr,showpass,,CA,TRUE,Calgary
Circle Cardiovascular Imaging,bamboohr,circlecardiovascularimaging,,CA,TRUE,Calgary
MobSquad,greenhouse,mobsquad,,CA,TRUE,Calgary
Critical Mass,greenhouse,criticalmass,,CA,TRUE,Calgary
AltaML,lever,altaml,,CA,TRUE,Edmonton / Calgary
Jobber,ashby,jobber,,CA,TRUE,Edmonton
Deep Sky,lever,deepsky,,CA,TRUE,Alberta + Quebec sites
Vendasta,bamboohr,vendasta,,CA,TRUE,Saskatoon
Svante,bamboohr,svante,,CA,TRUE,Burnaby BC
Mangrove Lithium,bamboohr,mangrovelithium,,CA,TRUE,Delta BC
Spring Financial,bamboohr,springfinancial,,CA,TRUE,Vancouver
Trulioo,ashby,trulioo,,CA,TRUE,Vancouver
Procurify,ashby,procurify,,CA,TRUE,Vancouver
Thinkific,ashby,thinkific,,CA,TRUE,Vancouver
Unbounce,greenhouse,unbounce,,CA,TRUE,Vancouver
Later,greenhouse,later,,CA,TRUE,Vancouver
Hootsuite,greenhouse,hootsuite,,CA,TRUE,Vancouver
Fullscript,lever,fullscript,,CA,TRUE,Ottawa
Solace,bamboohr,solace,,CA,TRUE,Ottawa
Wealthsimple,ashby,wealthsimple,,CA,TRUE,Toronto
KOHO,ashby,koho,,CA,TRUE,Toronto
Float,ashby,float,,CA,TRUE,Toronto
League,greenhouse,leagueinc,,CA,TRUE,Toronto
Loopio,ashby,loopio,,CA,TRUE,Toronto
Top Hat,ashby,top-hat,,CA,TRUE,Toronto
PolicyMe,lever,policyme,,CA,TRUE,Toronto
Clearco,ashby,clearco,,CA,TRUE,Toronto
Wattpad,lever,wattpad,,CA,TRUE,Toronto
Achievers,lever,achievers,,CA,TRUE,Toronto
1Password,ashby,1password,,CA,TRUE,Toronto (remote-first)
Tailscale,greenhouse,tailscale,,CA,TRUE,Toronto (remote-first)
Rewind,ashby,rewind,,CA,TRUE,Ottawa
Magnet Forensics,lever,magnetforensics,,CA,TRUE,Waterloo
Faire,greenhouse,faire,,CA,TRUE,Kitchener-Waterloo office
Geotab,greenhouse,geotab,,CA,TRUE,Oakville
Shakepay,greenhouse,shakepay,,CA,TRUE,Montreal
Hopper,ashby,hopper,,CA,TRUE,Montreal
